date,ticker,title,content,source,url
2025-10-17,AAPL,Apple's iPhone Air Sells Out in Minutes Across China,Ultra-thin titanium model sparks massive demand as Cook visits Beijing,Yahoo Finance,https://finance.yahoo.com/news/apples-iphone-air-sells-minutes-222825589.html?.tsrc=rss
2025-10-17,AAPL,Why Apple (AAPL) Outpaced the Stock Market Today,"Apple (AAPL) reached $252.29 at the closing of the latest trading day, reflecting a +1.96% change compared to its last close.",Yahoo Finance,https://finance.yahoo.com/news/why-apple-aapl-outpaced-stock-214503555.html?.tsrc=rss
2025-10-17,AAPL,Crypto Titans Join Trump’s White House Fundraiser for $250M Ballroom Project,"Crypto moguls and tech titans back Trump’s $250M White House ballroom plan—raising funds, power, and controversy.",Yahoo Finance,https://beincrypto.com/crypto-titans-join-trumps-white-house-fundraiser-for-250m-ballroom-project/?.tsrc=rss
2025-10-17,AAPL,"Sell Tesla Stock, Analyst Says. Why Shares Are Rising.","Thursday, BNP Paribas Exane analyst James Picariello launched coverage of Tesla stock with a Sell rating and $307 price target.",Yahoo Finance,https://finance.yahoo.com/m/569ac535-7275-3887-93bd-8c2be321362f/sell-tesla-stock%2C-analyst.html?.tsrc=rss
2025-10-17,AAPL,Sector Update: Tech Stocks Mixed Late Afternoon,"Tech stocks were mixed late Friday afternoon, with the Technology Select Sector SPDR Fund (XLK) gain",Yahoo Finance,https://finance.yahoo.com/news/sector-tech-stocks-mixed-afternoon-195547759.html?.tsrc=rss
2025-10-17,AAPL,ARM Skyrockets 17% in a Month: Should You Board the Train?,"ARM's 17% surge highlights its dominance in mobile chips and AI, but China risks and high valuations urge investor caution.",Yahoo Finance,https://finance.yahoo.com/news/arm-skyrockets-17-month-board-180000593.html?.tsrc=rss
2025-10-17,AAPL,This new Apple gift card comes with Bitcoin rewards,"Bitcoin rewards app Fold has added Apple to its growing list of supported merchants, allowing users to earn Bitcoin (BTC) for everyday spending. In a post on X on Oct. 15, the company announced that Fold+ members can now get 2.5% back in Bitcoin when purchasing Apple gift cards through the ...",Yahoo Finance,https://www.thestreet.com/crypto/apple-gift-card-bitcoin-rewards-fold?.tsrc=rss
2025-10-18,AAPL,"Analyst Sees Apple as ‘Eventual Winner on AI at the Edge,’ Keeps $270 Target","Apple Inc. (NASDAQ:AAPL) is one of the AI Stocks Analysts Are Watching Closely. On October 15, BofA Securities maintained its Buy rating and $270.00 price target on the stock. The firm noted that iPhone shipping dates across Apple’s website and various carrier platforms over the past two weeks demonstrate stable delivery timeframes for iPhone 17 Pro […]",Yahoo Finance,https://finance.yahoo.com/news/analyst-sees-apple-eventual-winner-222531849.html?.tsrc=rss
2025-10-18,AAPL,Saudi Arabia pours $1bn into fallen virtual reality tech company,"Saudi Arabia has ploughed more than $1bn (£744m) into a technology firm developing virtual reality headsets, which has never turned a profit.",Yahoo Finance,https://www.telegraph.co.uk/business/2025/10/18/saudi-arabia-1bn-virtual-reality-tech-star-magic-leap/?.tsrc=rss
2025-10-18,AAPL,‘Tech Rally into Year-End’: Daniel Ives Says Momentum Is Building for 3 Tech Stock Giants — Including TSLA,"With the end of the year in sight, and tech stocks having driven the markets sharply higher this year, talk of a potential bubble on Wall Street is growing, à la 1999/2000. The AI boom has powered substantial gains across the semiconductor and software sectors, sending valuations in some high-growth names soaring to more than 50 times forward earnings. The top ten U.S. companies now account for nearly 40% of the S&amp;P 500’s total market cap – levels that rival those seen at the height of the dot-c",Yahoo Finance,https://finance.yahoo.com/news/tech-rally-end-daniel-ives-100123948.html?.tsrc=rss
2025-10-18,AAPL,Evercore ISI Maintains Bullish Outlook for Apple Inc. (AAPL) in Latest Update,"Apple Inc. (NASDAQ:AAPL) is among the 14 Best Big Name Stocks to Invest in Right Now. On October 16, Evercore ISI maintained its Outperform rating and price target of $290 for the stock. This is a reaffirmation of their earlier update on September 26, in which they hiked the stock’s price target from $260, following […]",Yahoo Finance,https://finance.yahoo.com/news/evercore-isi-maintains-bullish-outlook-055645889.html?.tsrc=rss
2025-10-18,AAPL,How the 'Willy Wonka of marketing' is using comedy on LinkedIn,"Henry Hayes is a comedian and head of marketing at Passionfruit, the platform that matches companies with freelance marketing specialists.",Yahoo Finance,https://uk.finance.yahoo.com/news/henry-hayes-linkedin-marketing-platform-passionfruit-050003555.html?.tsrc=rss
2025-10-18,AAPL,Is Apple’s Formula 1 Rights Deal Driving Shares Too Far in 2025?,"Thinking about what to do with your Apple stock right now? You are definitely not alone. Whether you are a longtime believer or just wondering if the recent rally still has legs, Apple is once again front and center in the markets. The stock closed recently at $252.29, which marks a climb of 2.9% in the past week and 5.6% over the last month. Looking even further back, Apple’s returned an impressive 125.5% over five years, so there has been real staying power behind the name. In the short...",Yahoo Finance,https://finance.yahoo.com/news/apple-formula-1-rights-deal-041517848.html?.tsrc=rss
2025-10-18,AAPL,"Apple's Top Exec Says 'Things Need To Be fixed' To Make Fans Watch Sports: '...You Have To Sign Up For 1,200 subscriptions'",Apple Inc.'s (NASDAQ:AAPL) senior vice president of services Eddy Cue says the explosion of sports streaming platforms has made watching live games too complicated and expensive. Cue: It's Never Been Easier To Watch — Or Harder To Find Speaking at the ...,Yahoo Finance,https://finance.yahoo.com/news/apples-top-exec-says-things-033114483.html?.tsrc=rss
2025-10-19,AAPL,The Biggest Meta Settlements Of All Time,"Many people wind up ruffling some feathers on the road to success, but only a select few have to pay 10 figures when the parties they wrong push back.",Yahoo Finance,https://www.moneydigest.com/1994994/biggest-meta-settlements-of-all-time/?.tsrc=rss
2025-10-19,AAPL,"Warren Buffett Sells Apple Stock and Buys a Restaurant Stock Up Over 6,500% Since Its IPO",Why Domino's may deliver market-beating returns to the investment giant.,Yahoo Finance,https://www.fool.com/investing/2025/10/19/warren-buffett-sells-apple-buys-restaurant-stock/?.tsrc=rss
2025-10-19,AAPL,Where Will Nvidia Stock Be in 3 Years?,"Nvidia has led the AI arms race for the past three years, and is well positioned to do it again over the next three.",Yahoo Finance,https://www.fool.com/investing/2025/10/19/where-will-nvidia-stock-be-in-3-years/?.tsrc=rss
2025-10-19,AAPL,"The Best Trillion-Dollar Stock to Buy Right Now, According to Wall Street",This artificial intelligence (AI) giant could benefit in the near term and long term from technological advances.,Yahoo Finance,https://www.fool.com/investing/2025/10/19/best-trillion-dollar-stock-to-buy-right-now-meta/?.tsrc=rss
2025-10-19,AAPL,Tilly Ramsay reveals key lessons she's learned from father Gordon,"Tilly Ramsay, daughter of Gordon Ramsay, is a 23-year-old chef, presenter and digital creator.",Yahoo Finance,https://uk.finance.yahoo.com/news/tilly-ramsay-interview-gordon-tv-chef-presenter-050001643.html?.tsrc=rss
2025-10-19,AAPL,"Weekly Stock Market Update: Apple, Taiwan Semiconductor and Novo Nordisk","It was a volatile but ultimately positive week on Wall Street, marked by renewed tensions in the U.S.-China trade war and a strong start to the earnings season. Major banks exceeded expectations, while regional lenders expressed concern over delinquencies, which kept the market in a state of flux. ...",Yahoo Finance,https://www.thestreet.com/investing/stocks/weekly-stock-market-update-apple-taiwan-semiconductor-and-novo-nordisk?.tsrc=rss
